transaction_id,customer_id,amount,velocity,location_change,hour_transaction,previous_amounts,is_fraud,country,risk_level
FR000001,C019,6233.33,2,0,6,2882.68,0,MX,Low
FR000002,C057,832.87,5,0,3,375.96,0,RU,Low
FR000003,C003,5178.49,6,1,2,2083.01,0,RU,Low
FR000004,C035,2819.6,3,0,2,3330.79,0,CL,High
FR000005,C050,4405.37,5,1,17,2731.06,0,CL,Low
FR000006,C008,5618.67,1,0,14,1865.9,0,CL,High
FR000007,C050,9864.75,2,1,11,5663.02,1,RU,Low
FR000008,C049,17314.84,7,0,13,6760.43,1,NG,Medium
FR000009,C006,602.25,5,1,22,272.06,0,PE,Low
FR000010,C049,4264.48,10,1,14,1234.97,1,AR,High
FR000011,C056,10701.31,7,1,21,3064.69,1,IR,Low
FR000012,C040,4138.81,2,1,17,2799.56,0,MX,High
FR000013,C045,11737.03,1,0,19,4125.41,0,MX,High
FR000014,C044,14171.46,10,0,3,6476.75,1,CL,High
FR000015,C028,5282.87,6,0,8,2699.81,0,MX,Medium
FR000016,C080,11026.81,5,0,19,4272.33,0,NG,Medium
FR000017,C008,17055.98,6,0,1,5227.88,1,CO,High
FR000018,C050,15357.74,5,0,15,6011.9,0,CL,High
FR000019,C060,7934.63,5,0,14,5425.0,0,NG,High
FR000020,C073,11011.87,2,0,6,6396.63,0,IR,Medium
FR000021,C021,3865.22,6,0,16,5546.69,0,NG,Medium
FR000022,C031,3878.64,9,0,0,1240.95,1,AR,Low
FR000023,C036,2275.65,1,0,22,1417.8,0,CL,Low
FR000024,C032,5993.08,2,0,7,2626.09,0,IR,Medium
FR000025,C044,3723.68,10,0,11,1169.69,0,NG,Low
FR000026,C079,2583.56,5,1,1,1165.46,0,CL,Medium
FR000027,C035,11161.42,4,0,13,3607.57,0,CL,High
FR000028,C078,3591.12,8,0,20,1237.21,0,MX,Low
FR000029,C040,7988.93,5,0,22,4509.9,0,US,Medium
FR000030,C023,14121.61,5,0,9,4750.06,0,RU,Medium
FR000031,C003,8996.06,9,0,11,3943.36,0,RU,Low
FR000032,C060,13864.56,8,1,8,4494.95,1,MX,Medium
FR000033,C062,17164.11,5,0,16,5365.36,0,IR,Low
FR000034,C053,12719.54,10,0,10,4774.87,0,MX,High
FR000035,C011,724.73,7,0,23,276.17,0,CL,High
FR000036,C071,17710.04,4,0,20,5500.73,0,US,Low
FR000037,C057,1024.72,3,0,17,1292.52,0,AR,Medium
FR000038,C036,21208.06,9,0,5,6630.06,1,CL,Medium
FR000039,C017,5914.01,5,0,10,2620.63,0,PE,High
FR000040,C023,9624.48,1,0,18,4074.78,0,AR,High
FR000041,C007,6475.44,2,0,12,3722.97,0,PE,Low
FR000042,C005,21635.5,4,0,18,6253.13,0,AR,High
FR000043,C065,8125.38,3,0,15,2348.43,0,RU,High
FR000044,C041,3946.73,8,0,5,4046.66,0,MX,High
FR000045,C030,5402.31,3,0,20,3022.99,1,MX,High
FR000046,C034,21126.82,9,0,11,6651.98,0,CL,Low
FR000047,C046,5031.66,1,0,7,1607.07,0,IR,High
FR000048,C006,309.05,9,0,5,485.05,0,PE,Medium
FR000049,C014,7815.82,9,0,10,3052.65,0,CO,High
FR000050,C057,3797.96,8,0,6,1179.24,1,CO,High
FR000051,C010,849.74,4,0,4,1502.0,0,PE,Low
FR000052,C042,3814.6,1,0,20,1812.85,0,US,High
FR000053,C054,310.31,2,0,0,366.2,0,CO,High
FR000054,C055,9739.42,5,0,4,1462.3,1,CL,Low
FR000055,C004,8631.43,9,0,19,4914.06,0,US,High
FR000056,C047,10962.26,10,1,3,5499.78,1,US,Medium
FR000057,C048,1291.21,4,0,13,2088.6,0,RU,Medium
FR000058,C080,91.17,8,0,0,118.86,1,MX,Low
FR000059,C048,4078.23,2,0,2,5073.24,0,MX,Medium
FR000060,C020,743.16,5,0,1,725.67,0,MX,Low
FR000061,C078,1920.42,6,0,3,692.14,0,PE,Medium
FR000062,C066,8726.02,3,0,14,6686.97,0,IR,High
FR000063,C045,5271.83,6,0,12,2819.74,0,PE,Medium
FR000064,C075,6208.37,8,0,20,6206.28,0,MX,High
FR000065,C020,7490.51,3,1,18,3394.24,0,NG,High
FR000066,C011,16528.83,6,0,21,6163.25,0,CO,Low
FR000067,C073,2140.12,8,1,13,3101.59,1,IR,High
FR000068,C071,5947.32,9,0,18,5074.7,0,NG,High
FR000069,C016,7804.12,9,0,22,4339.13,0,IR,Low
FR000070,C078,20611.69,7,1,17,6247.67,0,RU,High
FR000071,C068,1089.79,8,0,5,551.81,0,IR,Medium
FR000072,C041,7718.04,1,0,17,4513.92,0,CL,Low
FR000073,C074,2693.41,10,0,15,3146.06,0,CL,Low
FR000074,C043,1958.59,2,0,1,3913.2,0,PE,Medium
FR000075,C030,9730.63,10,0,16,3949.46,1,RU,Medium
FR000076,C015,9281.97,4,0,10,3934.25,0,PE,Medium
FR000077,C053,2401.3,8,1,21,1575.58,0,US,Low
FR000078,C046,346.44,9,0,3,349.07,1,IR,High
FR000079,C010,4400.19,2,0,6,1337.18,0,US,High
FR000080,C062,3394.04,4,0,3,5307.33,0,PE,Medium
FR000081,C054,7298.24,2,0,14,3217.99,0,PE,High
FR000082,C017,6988.69,1,0,1,3885.99,0,IR,Low
FR000083,C053,4533.32,3,0,5,5121.55,0,AR,High
FR000084,C034,6860.15,6,0,12,2948.09,0,CL,Medium
FR000085,C041,2868.06,7,0,9,3186.33,0,CO,Low
FR000086,C053,5548.09,9,0,22,3848.21,0,NG,High
FR000087,C019,12822.87,4,0,19,5009.26,0,RU,High
FR000088,C026,11758.3,3,0,22,4469.04,0,AR,Medium
FR000089,C002,12562.09,10,0,21,4979.56,1,AR,Low
FR000090,C054,1268.26,7,0,16,772.1,0,CL,High
FR000091,C061,17558.49,5,0,5,6885.22,0,CO,Low
FR000092,C005,750.76,5,0,17,255.18,0,NG,Low
FR000093,C022,7567.34,9,0,23,4540.42,0,CO,Low
FR000094,C066,10786.7,5,0,1,6487.6,0,IR,Medium
FR000095,C055,4208.17,9,1,23,1781.85,0,US,Low
FR000096,C052,5639.86,6,0,17,5177.0,0,IR,Low
FR000097,C038,1859.87,8,0,21,549.05,0,CO,Medium
FR000098,C044,1839.53,1,0,17,1871.75,1,CO,High
FR000099,C006,1013.33,8,0,4,308.39,1,CO,High
FR000100,C046,2777.28,5,0,18,3864.62,0,RU,Medium
FR000101,C058,2429.06,3,0,16,1140.81,0,NG,Medium
FR000102,C062,2940.05,4,0,10,2544.76,0,AR,High
FR000103,C024,229.02,9,0,20,91.36,0,IR,Low
FR000104,C020,17103.7,10,0,7,6713.51,0,MX,High
FR000105,C076,6472.28,7,0,23,2001.32,0,US,High
FR000106,C059,5145.15,9,0,1,2096.14,1,NG,Medium
FR000107,C057,1221.2,9,0,20,486.34,0,AR,High
FR000108,C076,9854.28,7,0,6,3778.15,1,CL,Low
FR000109,C030,518.35,2,0,4,195.56,0,CL,Medium
FR000110,C044,1544.63,3,0,17,520.98,0,MX,High
FR000111,C067,3729.68,8,0,13,2235.34,1,IR,High
FR000112,C066,10701.27,10,1,23,4111.69,0,NG,Medium
FR000113,C042,9725.01,5,0,9,5363.96,0,NG,Medium
FR000114,C023,1640.49,8,0,7,980.58,0,AR,Low
FR000115,C027,21330.41,3,0,23,4546.15,0,NG,High
FR000116,C036,6765.74,3,1,0,4021.85,1,US,Low
FR000117,C045,5531.43,6,0,20,5964.67,0,CL,Low
FR000118,C016,10363.62,5,0,5,4706.72,0,CL,Medium
FR000119,C063,1357.68,9,0,17,539.82,0,RU,Low
FR000120,C022,6333.11,10,0,10,2519.25,0,CL,Medium
FR000121,C078,5073.56,2,0,10,3416.45,0,CO,Low
FR000122,C036,19106.91,3,0,11,5659.67,0,AR,Low
FR000123,C027,9271.75,4,0,20,3069.78,0,IR,High
FR000124,C022,10648.02,8,0,11,5430.13,1,MX,High
FR000125,C006,6799.75,5,0,4,6242.34,0,IR,High
FR000126,C025,13022.19,2,0,16,4432.44,0,MX,Medium
FR000127,C004,5875.49,4,0,17,1846.5,0,US,Low
FR000128,C037,14164.86,3,0,7,6243.32,0,NG,High
FR000129,C057,1364.61,9,0,12,2566.14,0,IR,Low
FR000130,C059,985.86,10,0,16,1008.38,0,CL,Low
FR000131,C016,4085.43,3,0,15,6576.05,0,RU,Medium
FR000132,C064,9631.73,5,0,1,4690.04,1,CL,Low
FR000133,C018,5976.48,1,1,20,2288.78,0,CL,High
FR000134,C015,3055.93,5,0,18,1241.73,0,US,Low
FR000135,C029,7958.29,2,0,12,6809.54,0,CO,Medium
FR000136,C021,3229.78,6,0,15,6213.59,0,IR,Medium
FR000137,C036,1889.31,4,1,20,1987.24,0,RU,High
FR000138,C066,15123.45,2,0,13,5683.87,0,CO,High
FR000139,C041,3312.43,4,0,20,5838.55,0,MX,Medium
FR000140,C013,672.05,3,1,16,303.16,0,IR,Medium
FR000141,C025,15217.89,3,0,12,4207.52,0,IR,High
FR000142,C005,10994.82,5,0,6,3160.95,0,MX,Low
FR000143,C018,6011.0,7,0,18,5748.56,0,NG,Low
FR000144,C026,4931.96,6,0,19,4146.45,0,CL,Medium
FR000145,C020,14301.92,4,0,16,4800.04,0,RU,Low
FR000146,C064,3016.49,10,0,17,3538.2,0,CL,Low
FR000147,C026,17743.84,10,0,0,6281.87,1,CO,High
FR000148,C028,4736.85,1,0,13,1629.52,0,MX,Medium
FR000149,C009,7186.81,10,0,22,4045.56,0,RU,High
FR000150,C079,3071.3,2,0,17,2878.27,0,PE,High
FR000151,C023,197.44,10,0,16,80.14,0,MX,Medium
FR000152,C034,5764.17,6,1,13,4571.48,0,NG,High
FR000153,C075,3111.32,6,0,21,2800.26,0,PE,High
FR000154,C045,11789.06,3,0,17,3401.81,0,RU,High
FR000155,C024,1022.85,7,0,21,860.03,0,CL,Low
FR000156,C038,15990.18,2,0,12,5508.99,0,RU,Medium
FR000157,C051,51.72,1,0,20,66.88,0,US,High
FR000158,C062,1166.24,7,1,8,1575.74,1,CL,Low
FR000159,C029,11438.91,10,0,9,4989.89,1,CO,Medium
FR000160,C054,13389.72,8,1,21,6517.39,1,RU,Medium
FR000161,C032,6342.62,4,0,21,281.35,0,NG,Low
FR000162,C023,8062.64,5,0,11,4697.54,1,RU,Medium
FR000163,C015,6017.21,2,0,17,2012.92,0,US,High
FR000164,C051,11477.42,5,0,6,3199.67,0,AR,Medium
FR000165,C063,5376.01,9,1,2,3537.09,1,NG,High
FR000166,C031,3242.48,9,0,18,1773.49,0,MX,Medium
FR000167,C035,15248.42,4,0,14,4780.71,0,IR,Low
FR000168,C053,6417.58,5,1,20,5526.93,0,MX,High
FR000169,C042,9794.32,7,0,16,3763.49,1,CL,High
FR000170,C041,5230.54,6,1,5,3351.59,0,NG,Medium
FR000171,C057,2044.0,4,0,6,1666.98,0,NG,Medium
FR000172,C034,916.25,4,0,11,1117.29,0,MX,Medium
FR000173,C063,20416.96,8,0,17,6707.21,1,PE,Medium
FR000174,C006,3643.53,10,0,15,1304.62,0,CL,Medium
FR000175,C053,10837.54,10,1,16,5600.91,1,PE,High
FR000176,C022,9206.95,3,0,3,4896.76,1,IR,Low
FR000177,C015,5501.5,10,1,11,4301.06,1,US,Low
FR000178,C078,3967.87,10,0,5,3506.43,0,IR,Low
FR000179,C003,13795.03,7,0,5,4012.73,1,NG,Low
FR000180,C043,4050.18,4,0,12,1396.56,0,US,High
FR000181,C009,3075.74,1,0,15,967.27,0,MX,High
FR000182,C027,5472.22,6,0,9,1779.29,0,US,High
FR000183,C026,8008.65,3,1,8,3351.48,0,AR,High
FR000184,C051,14307.22,6,0,17,6524.96,0,PE,Medium
FR000185,C021,9644.9,10,0,18,4559.56,1,US,Medium
FR000186,C053,2312.35,9,0,23,3145.1,0,PE,High
FR000187,C032,8558.54,3,0,20,5659.79,0,MX,Low
FR000188,C003,2351.01,2,1,10,1620.68,0,IR,Low
FR000189,C065,18151.46,7,0,14,5473.39,1,NG,Medium
FR000190,C006,1085.34,3,0,0,901.53,0,AR,Medium
FR000191,C039,517.13,2,0,12,747.97,0,MX,Low
FR000192,C032,4020.19,1,0,16,5362.02,0,MX,Medium
FR000193,C016,9460.28,7,0,7,5171.02,1,NG,High
FR000194,C052,11511.71,1,0,10,6053.76,0,AR,High
FR000195,C035,8610.09,9,0,22,3788.83,0,CO,Low
FR000196,C010,6412.58,10,0,20,4487.51,0,IR,High
FR000197,C054,8807.7,2,0,11,2903.06,0,MX,Low
FR000198,C070,9637.12,3,0,15,3759.64,0,AR,Low
FR000199,C076,12810.9,5,1,13,5591.81,1,NG,Low
FR000200,C078,3166.83,9,0,7,1167.99,0,CL,Medium
FR000201,C055,4748.45,5,1,20,1699.75,0,IR,High
FR000202,C003,4883.11,5,0,23,3737.65,0,CL,Medium
FR000203,C059,5953.52,3,0,20,3203.74,0,PE,Low
FR000204,C034,3845.19,6,1,1,6788.92,1,RU,Medium
FR000205,C038,358.43,8,0,7,658.67,0,NG,Low
FR000206,C029,2909.18,8,0,14,4887.64,0,NG,High
FR000207,C036,1007.85,3,1,12,527.55,0,RU,Medium
FR000208,C069,18040.2,7,0,3,6822.95,0,IR,Low
FR000209,C049,11150.38,1,0,23,5403.84,0,MX,Medium
FR000210,C051,2766.42,5,0,5,4415.27,0,US,High
FR000211,C014,4475.34,5,0,9,1415.1,0,RU,Low
FR000212,C074,2296.63,2,0,13,2291.86,0,MX,Medium
FR000213,C030,10495.08,4,1,1,4080.11,1,RU,Medium
FR000214,C062,7289.99,4,0,2,4811.03,0,CO,High
FR000215,C040,2325.89,1,1,20,1102.81,0,US,Low
FR000216,C011,15470.04,6,0,20,5304.18,0,CO,High
FR000217,C022,1099.23,7,0,4,1777.35,1,PE,Medium
FR000218,C076,5617.97,8,0,5,3819.04,0,PE,Low
FR000219,C019,2402.38,10,0,17,1147.59,0,NG,High
FR000220,C061,10973.5,9,0,0,5438.15,0,IR,High
FR000221,C073,1563.07,6,0,7,2265.24,0,PE,Low
FR000222,C064,5165.34,4,0,15,5367.17,0,CL,Medium
FR000223,C040,2918.31,6,1,16,4622.47,0,US,Low
FR000224,C005,813.13,1,0,15,1365.57,0,US,High
FR000225,C073,2682.49,8,0,22,4144.4,0,NG,Low
FR000226,C035,15113.84,1,0,6,4600.57,0,PE,High
FR000227,C063,11482.67,1,0,23,6569.56,0,IR,Medium
FR000228,C041,15461.56,10,0,1,5148.07,1,PE,Medium
FR000229,C060,2931.28,2,0,17,2715.76,0,RU,High
FR000230,C072,2387.44,3,0,17,2923.84,0,CO,Low
FR000231,C055,6185.93,8,0,13,6183.28,0,CO,Medium
FR000232,C017,12783.28,6,0,17,6989.08,0,MX,Low
FR000233,C067,9597.35,6,0,13,5356.37,0,CO,Low
FR000234,C026,17595.36,10,0,12,5366.99,0,RU,Low
FR000235,C005,15739.31,7,1,1,6881.21,0,NG,Medium
FR000236,C022,3387.44,5,0,6,5994.37,0,IR,Medium
FR000237,C018,12808.11,5,0,16,3907.57,0,IR,Medium
FR000238,C052,5815.14,6,0,8,2588.57,0,MX,Medium
FR000239,C016,17372.61,2,0,18,6427.64,0,NG,Medium
FR000240,C035,14582.23,3,0,22,4928.85,0,IR,Medium
FR000241,C079,7638.82,1,0,18,2689.38,0,US,High
FR000242,C022,7189.98,7,0,3,6092.41,0,AR,Medium
FR000243,C067,672.06,7,1,16,317.04,1,PE,High
FR000244,C048,18752.84,1,0,12,6798.15,0,IR,High
FR000245,C033,1601.5,7,0,12,1061.65,0,RU,Medium
FR000246,C027,5063.67,9,0,2,2807.73,1,US,High
FR000247,C018,8760.58,4,0,20,4012.17,0,AR,High
FR000248,C061,7474.78,4,1,13,2284.18,0,MX,Medium
FR000249,C054,11169.15,7,0,6,2265.55,1,AR,Low
FR000250,C061,7966.0,10,0,14,4373.58,0,CO,Low
FR000251,C040,5000.73,6,0,23,5973.77,0,PE,Low
FR000252,C013,324.53,3,0,9,125.72,0,IR,Medium
FR000253,C043,4201.0,1,0,23,3779.9,0,CO,Low
FR000254,C080,12209.93,8,0,4,4874.65,0,RU,High
FR000255,C021,3700.12,5,0,9,1428.85,0,CO,Medium
FR000256,C072,5871.15,1,1,21,1921.03,0,PE,Medium
FR000257,C002,9369.11,1,0,20,2724.07,0,PE,Medium
FR000258,C037,3956.29,6,0,19,3734.98,0,NG,High
FR000259,C040,4245.59,1,1,16,2155.34,1,US,High
FR000260,C052,5757.81,6,0,9,1676.35,0,CL,High
FR000261,C070,22128.09,5,0,0,6610.63,1,PE,Low
FR000262,C076,9272.86,3,1,12,3659.4,1,AR,Low
FR000263,C028,9478.91,10,0,9,6370.86,1,CL,Low
FR000264,C034,8622.25,9,0,6,6042.24,0,CO,Low
FR000265,C067,10103.5,3,0,4,4603.94,1,NG,Medium
FR000266,C074,14254.84,2,0,4,5097.74,1,CL,High
FR000267,C079,8634.94,8,0,20,6534.75,0,RU,Low
FR000268,C022,10032.08,3,1,19,4330.12,1,MX,Low
FR000269,C028,4931.2,1,0,22,5465.39,0,CO,High
FR000270,C019,3153.17,6,0,12,3455.38,0,AR,Low
FR000271,C061,3975.16,1,0,13,1581.2,0,MX,Medium
FR000272,C010,11964.52,3,0,14,6073.89,0,MX,Low
FR000273,C066,12686.53,4,0,1,4267.27,1,RU,Medium
FR000274,C061,11756.85,10,0,16,4500.51,1,US,Medium
FR000275,C065,6149.12,1,0,7,3645.36,0,CO,Low
FR000276,C072,2461.12,9,0,1,1353.26,1,NG,Medium
FR000277,C050,16538.74,3,0,19,6435.66,0,RU,Medium
FR000278,C040,2322.3,8,1,16,818.81,1,IR,Medium
FR000279,C068,2899.5,7,0,0,1276.78,1,CO,High
FR000280,C028,18356.5,5,0,20,6352.92,0,AR,High
FR000281,C036,5302.34,2,0,20,2559.72,0,AR,Medium
FR000282,C072,4382.66,9,0,5,2669.39,0,RU,Medium
FR000283,C033,1083.23,10,0,4,1160.0,1,CO,High
FR000284,C056,759.92,8,0,5,849.35,0,US,Low
FR000285,C004,18766.45,5,1,15,5992.22,0,US,Medium
FR000286,C045,2132.53,10,0,14,2888.76,0,NG,Low
FR000287,C079,11653.39,9,0,20,3916.11,1,IR,Low
FR000288,C049,14102.62,1,1,1,4678.97,0,US,Low
FR000289,C002,11000.13,7,0,5,4714.47,1,PE,Medium
FR000290,C047,13393.21,3,0,23,4065.4,0,IR,Low
FR000291,C001,16108.13,6,0,2,5316.34,1,CL,Medium
FR000292,C013,9539.5,5,0,13,3686.78,0,US,Medium
FR000293,C065,11749.41,9,0,15,5076.8,1,MX,High
FR000294,C035,10876.77,6,0,18,6965.32,0,MX,High
FR000295,C036,3600.31,9,0,15,3462.76,0,RU,Medium
FR000296,C006,9451.67,4,1,0,3270.25,1,CL,Medium
FR000297,C008,7199.2,7,0,10,2467.06,0,MX,High
FR000298,C061,4393.99,5,0,2,2175.17,1,RU,Medium
FR000299,C023,13505.74,6,0,23,3995.38,0,RU,High
FR000300,C070,18552.57,6,0,15,6415.66,0,CO,Low
FR000301,C048,11842.78,8,0,17,6274.62,0,MX,High
FR000302,C020,16301.52,9,0,23,4757.04,1,AR,Low
FR000303,C011,1178.02,6,1,4,1984.81,1,NG,Low
FR000304,C008,12927.33,10,0,5,4178.49,1,RU,High
FR000305,C008,4238.54,1,0,2,3494.47,0,US,Low
FR000306,C070,2318.84,4,0,5,812.25,0,CL,Low
FR000307,C079,6098.19,8,0,15,6337.54,0,MX,Medium
FR000308,C041,3205.03,9,0,10,1028.77,0,AR,High
FR000309,C047,8535.29,3,0,1,3231.8,1,IR,Low
FR000310,C052,9159.66,1,0,19,6106.97,0,NG,High
FR000311,C008,5063.48,5,1,9,4482.79,0,CO,Low
FR000312,C065,6204.61,9,0,14,4707.73,0,AR,High
FR000313,C035,2279.65,10,0,3,1469.84,1,CO,Low
FR000314,C057,1232.04,5,0,5,526.56,0,MX,Medium
FR000315,C078,630.08,3,1,21,381.68,0,PE,High
FR000316,C065,15220.01,10,0,20,5858.14,1,NG,Low
FR000317,C001,3105.25,9,1,14,3987.49,1,CL,Medium
FR000318,C072,10270.2,5,0,22,5372.46,0,US,Low
FR000319,C044,7180.03,10,0,11,2762.78,0,RU,High
FR000320,C012,407.25,6,0,0,485.6,0,RU,Low
FR000321,C015,8167.26,5,0,19,4035.51,0,CO,Low
FR000322,C012,737.41,2,0,20,524.34,0,AR,Medium
FR000323,C076,2216.55,4,0,17,1138.37,0,MX,Low
FR000324,C002,6081.16,10,0,13,3983.46,0,PE,High
FR000325,C048,7902.46,2,0,22,4032.09,0,RU,Low
FR000326,C032,4236.27,9,1,14,1257.93,1,CL,High
FR000327,C025,3573.55,7,0,20,4631.35,0,AR,Medium
FR000328,C007,2240.41,1,0,21,1070.04,0,NG,High
FR000329,C037,6109.62,4,0,10,2119.16,0,AR,Medium
FR000330,C018,15585.11,7,0,11,6932.32,1,US,Medium
FR000331,C029,3405.27,5,1,17,6776.26,0,PE,Medium
FR000332,C026,4352.17,2,0,0,1669.63,0,AR,Medium
FR000333,C034,9525.69,7,0,13,3829.48,1,RU,Medium
FR000334,C012,6363.14,6,0,4,2040.64,1,RU,Medium
FR000335,C075,15808.6,1,1,15,4615.75,1,US,Medium
FR000336,C067,7540.06,8,0,22,4242.87,0,RU,High
FR000337,C022,2650.3,9,0,12,2506.49,0,MX,High
FR000338,C050,6187.83,4,0,8,2893.54,0,AR,High
FR000339,C073,1592.16,10,0,11,818.76,0,PE,High
FR000340,C056,2402.93,9,0,8,3270.61,0,US,High
FR000341,C037,4937.11,8,0,21,6724.06,0,PE,Medium
FR000342,C065,2001.2,5,0,10,3759.18,0,IR,High
FR000343,C035,8548.22,10,0,13,2489.81,0,CO,High
FR000344,C027,7049.36,10,0,23,5501.6,0,CL,Low
FR000345,C060,13449.89,10,1,9,5668.0,1,CL,Low
FR000346,C015,12111.4,5,0,19,1988.37,0,IR,High
FR000347,C024,1993.45,3,0,23,1083.42,0,RU,Low
FR000348,C060,9229.72,4,0,16,6038.24,0,US,Medium
FR000349,C073,6554.09,3,0,13,5399.46,0,NG,High
FR000350,C076,528.46,4,0,11,408.65,0,MX,Medium
FR000351,C014,11203.53,8,0,9,3349.58,1,US,Low
FR000352,C021,6724.59,7,0,4,3727.18,1,NG,Medium
FR000353,C043,5301.02,6,0,21,6692.42,0,US,High
FR000354,C013,9048.59,7,0,20,6012.74,1,AR,Medium
FR000355,C040,14193.57,7,0,21,5251.16,1,AR,Medium
FR000356,C070,20135.02,3,0,0,4719.43,1,AR,Low
FR000357,C057,8163.42,8,0,23,2004.58,0,RU,High
FR000358,C074,16066.61,10,0,6,6654.91,1,NG,High
FR000359,C052,13522.65,3,0,20,3975.5,0,RU,Low
FR000360,C033,15839.58,5,0,21,6555.19,0,US,High
FR000361,C044,7933.37,7,0,21,5396.07,0,RU,High
FR000362,C052,8887.1,1,0,10,6971.83,0,CL,Low
FR000363,C030,4435.13,2,0,6,4283.8,0,IR,Low
FR000364,C054,1406.08,7,0,20,770.56,0,NG,Medium
FR000365,C074,3030.32,2,0,8,5447.34,0,NG,High
FR000366,C004,2627.36,1,0,21,2751.67,0,AR,High
FR000367,C022,5755.94,1,0,15,3362.63,0,CL,High
FR000368,C068,6957.23,2,0,0,2709.43,0,PE,High
FR000369,C018,3315.67,9,0,11,2354.07,0,AR,High
FR000370,C043,1110.03,2,0,10,590.78,0,MX,Low
FR000371,C040,6473.74,3,0,12,4635.32,0,AR,Medium
FR000372,C059,3293.59,6,0,20,3082.75,1,NG,Low
FR000373,C059,995.18,10,0,12,469.06,0,MX,High
FR000374,C019,192.56,8,0,0,288.19,1,PE,Low
FR000375,C039,12859.14,9,0,21,6095.29,1,CL,Low
FR000376,C024,10785.25,3,0,0,3314.4,1,PE,Low
FR000377,C056,4553.73,3,0,9,5750.55,0,CO,High
FR000378,C032,1886.97,2,0,3,825.83,0,AR,High
FR000379,C072,7007.76,4,0,23,4758.43,0,US,Low
FR000380,C062,12209.22,3,0,6,5356.67,0,AR,Medium
FR000381,C013,10548.76,3,0,5,4883.18,0,RU,High
FR000382,C051,18178.21,1,1,20,4298.72,0,PE,Medium
FR000383,C049,14453.27,3,0,22,4572.74,0,RU,High
FR000384,C032,1348.72,8,0,6,1027.32,0,CO,Medium
FR000385,C017,11099.64,3,0,1,4186.02,1,US,Low
FR000386,C052,4213.81,5,0,0,3917.24,0,US,Medium
FR000387,C055,6752.14,10,0,17,3567.56,0,NG,High
FR000388,C010,16368.41,1,0,4,4806.15,1,US,Medium
FR000389,C076,3638.52,1,1,11,2016.9,0,MX,Low
FR000390,C078,835.58,8,1,23,395.62,1,AR,Low
FR000391,C048,7009.86,2,0,23,3130.4,0,US,Medium
FR000392,C065,1829.14,6,0,3,2303.14,0,MX,High
FR000393,C077,6470.64,7,0,2,3312.8,1,NG,Low
FR000394,C030,2608.24,8,0,11,980.74,0,AR,Medium
FR000395,C025,3296.13,4,0,1,4854.71,0,MX,Low
FR000396,C039,2164.65,8,0,10,1562.38,0,NG,Low
FR000397,C044,20817.1,10,0,18,6791.85,0,NG,High
FR000398,C024,5315.06,4,0,14,1975.82,0,NG,Low
FR000399,C037,14211.62,6,0,7,6246.0,0,CL,Medium
FR000400,C062,591.2,1,0,1,309.21,0,MX,Medium
FR000401,C054,10687.79,9,0,22,5754.4,0,AR,Low
FR000402,C051,3077.16,7,0,4,2528.09,1,IR,Low
FR000403,C060,3002.97,3,0,18,5238.59,0,CO,Medium
FR000404,C013,17488.56,7,0,11,4398.87,1,NG,Low
FR000405,C021,3926.19,6,0,9,2998.54,0,US,Low
FR000406,C074,6562.7,4,0,2,4354.57,0,IR,Medium
FR000407,C059,5117.84,6,0,3,2699.2,0,MX,Medium
FR000408,C052,5541.81,9,0,17,4974.08,0,NG,Low
FR000409,C039,14732.28,2,0,23,6575.86,0,NG,Medium
FR000410,C015,6261.24,4,0,8,3539.85,0,RU,High
FR000411,C048,11103.83,8,0,16,5812.03,1,RU,High
FR000412,C043,19370.34,8,0,21,6619.2,1,IR,Medium
FR000413,C015,8584.79,8,1,12,6288.68,1,AR,Medium
FR000414,C069,8715.56,3,0,6,3659.19,0,NG,High
FR000415,C011,4480.96,9,0,15,2446.5,0,AR,Low
FR000416,C044,12043.47,2,1,7,5849.58,1,CL,Low
FR000417,C066,14787.13,6,0,21,4887.14,0,RU,Medium
FR000418,C007,1570.6,3,0,9,1227.01,0,RU,Medium
FR000419,C006,3204.89,1,1,9,3207.81,0,CO,Medium
FR000420,C059,15162.4,5,0,5,5880.14,0,US,Low
FR000421,C077,7353.44,4,1,10,4034.44,0,US,Medium
FR000422,C055,1958.16,1,0,11,1061.17,0,US,High
FR000423,C038,18290.95,2,0,12,6519.55,0,MX,High
FR000424,C035,7758.54,3,1,23,3836.63,0,AR,Medium
FR000425,C046,13560.86,5,0,18,4678.21,0,NG,Low
FR000426,C058,2089.29,6,0,23,3368.5,0,US,Medium
FR000427,C005,2439.95,1,0,7,3138.43,0,CO,Medium
FR000428,C005,1046.68,10,0,8,1394.14,0,IR,High
FR000429,C051,2013.25,2,0,12,1385.32,0,PE,Low
FR000430,C011,9622.79,6,0,22,5981.01,0,IR,Low
FR000431,C017,4671.27,6,0,14,6123.88,0,AR,High
FR000432,C064,3144.63,7,0,9,1171.62,0,NG,Medium
FR000433,C045,3907.63,7,1,18,4197.61,0,RU,High
FR000434,C080,4056.41,6,1,18,5300.11,0,PE,High
FR000435,C068,13774.5,7,0,14,4980.42,1,RU,Low
FR000436,C010,8254.55,9,0,9,5847.06,0,US,Medium
FR000437,C005,6267.52,1,0,4,1860.86,0,AR,High
FR000438,C013,21459.02,5,0,15,6350.35,0,NG,High
FR000439,C011,6664.94,8,0,2,4204.27,1,US,High
FR000440,C039,13101.33,8,0,3,2631.22,1,NG,Medium
FR000441,C003,964.6,3,0,22,974.42,0,AR,High
FR000442,C033,12313.93,6,1,9,3721.4,1,CO,Medium
FR000443,C015,11907.17,2,0,5,3819.67,0,PE,High
FR000444,C034,3801.88,5,0,22,4827.78,0,CL,High
FR000445,C066,5140.68,1,1,9,2629.91,0,IR,Low
FR000446,C007,1673.68,2,0,16,1571.16,0,US,High
FR000447,C061,10719.21,9,0,22,3871.26,1,PE,Medium
FR000448,C036,6322.29,3,0,15,2457.02,0,AR,Medium
FR000449,C065,1739.68,10,0,10,1230.28,0,MX,High
FR000450,C052,6863.51,3,0,4,4825.69,0,AR,High
FR000451,C037,1614.86,7,0,3,571.82,1,CL,Low
FR000452,C053,1081.37,9,0,15,858.89,0,PE,Low
FR000453,C054,4682.43,2,0,19,1461.65,0,AR,Medium
FR000454,C035,22068.2,2,1,23,6594.66,1,RU,High
FR000455,C041,1498.05,10,0,18,506.31,0,CO,Low
FR000456,C029,13332.45,4,0,5,6314.57,0,MX,High
FR000457,C042,8662.1,4,0,22,3338.77,0,PE,Low
FR000458,C079,12174.95,2,0,11,6869.67,0,CL,High
FR000459,C078,7259.15,6,1,3,3652.5,1,RU,High
FR000460,C054,5073.56,2,0,3,2711.92,0,US,High
FR000461,C050,6302.09,8,0,13,2055.41,0,RU,High
FR000462,C002,4474.05,8,0,11,1279.7,0,US,Medium
FR000463,C041,578.98,8,0,21,622.49,0,US,Medium
FR000464,C020,1647.83,2,0,5,481.03,0,RU,High
FR000465,C064,6790.83,7,1,13,5084.65,1,PE,High
FR000466,C022,7254.35,7,0,21,4234.06,0,NG,Medium
FR000467,C052,4102.93,8,1,8,3440.71,1,MX,High
FR000468,C074,11214.53,2,0,0,6805.35,1,CO,High
FR000469,C063,14766.73,2,0,21,5268.72,0,IR,Medium
FR000470,C011,11159.69,8,0,8,3810.79,1,PE,High
FR000471,C068,3903.56,7,0,3,2703.9,1,US,Medium
FR000472,C038,6149.47,9,0,9,6196.36,0,US,Medium
FR000473,C060,7876.63,7,0,3,3994.92,1,MX,Low
FR000474,C080,539.92,9,0,16,418.49,0,AR,High
FR000475,C046,1323.04,6,0,9,2263.77,0,NG,Medium
FR000476,C003,690.32,6,0,18,217.49,0,CL,High
FR000477,C063,6155.53,6,0,13,2478.35,0,PE,Medium
FR000478,C069,688.33,10,1,22,486.54,1,AR,Medium
FR000479,C078,12782.63,8,0,13,3989.3,1,CO,Low
FR000480,C051,1806.29,6,0,12,2277.28,0,PE,Low
FR000481,C015,14226.95,4,0,16,5685.86,0,CL,Low
FR000482,C021,16985.33,7,0,20,5935.92,1,NG,High
FR000483,C053,3335.28,1,0,18,2832.13,0,US,Low
FR000484,C054,4256.39,10,1,10,1935.35,1,CL,Medium
FR000485,C047,4965.31,2,0,9,3547.34,0,CO,High
FR000486,C041,9108.48,7,0,19,3622.12,0,IR,High
FR000487,C069,8711.92,9,0,18,3509.45,0,NG,Low
FR000488,C052,17335.41,5,0,17,5668.27,0,RU,Medium
FR000489,C037,3972.96,1,0,11,3253.53,0,RU,Low
FR000490,C023,13514.01,7,0,2,4448.47,1,NG,Medium
FR000491,C001,883.73,10,0,7,821.5,0,IR,Medium
FR000492,C060,9559.12,8,0,13,2971.47,0,AR,High
FR000493,C013,2833.13,5,0,5,4520.73,0,NG,High
FR000494,C054,3091.64,1,0,2,2217.92,0,NG,Medium
FR000495,C025,8443.42,6,0,2,2796.36,0,MX,High
FR000496,C029,10956.23,10,0,3,3668.04,0,AR,High
FR000497,C080,7804.81,2,0,3,5419.14,0,IR,Low
FR000498,C077,1061.99,4,0,6,1035.62,0,NG,Low
FR000499,C042,5599.62,5,0,1,3447.8,0,PE,Low
FR000500,C073,21165.67,7,0,7,6744.31,1,RU,High
FR000501,C012,741.08,5,1,19,272.62,0,US,Low
FR000502,C077,7377.39,4,0,12,2185.6,0,NG,High
FR000503,C066,10005.47,2,0,7,6007.8,0,PE,Low
FR000504,C059,6473.68,5,0,7,2103.04,0,US,High
FR000505,C031,1721.81,6,0,20,2861.83,0,AR,Medium
FR000506,C026,9719.64,8,0,13,6487.69,0,US,Low
FR000507,C038,868.23,3,0,16,492.58,0,CO,Low
FR000508,C027,12947.14,6,0,0,5340.97,1,RU,Medium
FR000509,C032,4810.51,1,0,20,2159.67,0,RU,Low
FR000510,C023,9589.42,3,0,21,2889.9,0,RU,High
FR000511,C015,6173.17,3,0,21,4163.35,0,US,Low
FR000512,C032,20857.13,6,0,12,6614.96,0,RU,High
FR000513,C009,1245.56,9,0,20,1624.09,0,MX,High
FR000514,C005,3866.34,3,1,19,3019.46,0,NG,High
FR000515,C061,10420.44,10,1,22,3695.09,1,NG,Low
FR000516,C054,19476.07,4,0,6,6623.98,0,CL,High
FR000517,C069,14683.46,7,1,6,4212.58,1,CO,High
FR000518,C078,2638.46,7,0,0,2052.64,0,IR,High
FR000519,C004,1408.66,8,1,15,958.44,1,RU,Medium
FR000520,C008,1170.6,7,0,8,539.2,0,CL,Medium
FR000521,C006,22372.76,8,0,19,6577.07,1,US,Medium
FR000522,C066,3601.39,5,0,12,2138.48,0,RU,Medium
FR000523,C016,3709.19,9,1,5,1844.23,0,CO,Low
FR000524,C034,866.11,6,0,13,1018.32,0,CO,High
FR000525,C022,6267.85,5,0,13,2001.99,0,US,Medium
FR000526,C044,9044.21,5,0,13,6251.92,0,AR,Low
FR000527,C062,8130.66,3,0,21,4467.47,0,PE,Medium
FR000528,C013,2224.6,3,1,8,1169.98,0,US,High
FR000529,C010,15107.86,8,1,11,6922.07,1,RU,High
FR000530,C063,1960.93,3,1,2,1450.02,1,PE,Medium
FR000531,C044,11277.36,10,0,18,1510.4,1,CL,High
FR000532,C057,21013.82,2,0,15,4748.05,0,US,Medium
FR000533,C034,5323.4,2,0,18,6506.16,1,CL,High
FR000534,C005,8048.63,8,0,21,3374.59,0,AR,Low
FR000535,C067,8121.23,6,0,20,4367.88,0,CL,Low
FR000536,C029,7576.37,10,1,1,5616.86,1,US,High
FR000537,C047,2206.79,10,0,12,1808.49,0,CL,Medium
FR000538,C021,4674.06,1,0,5,2737.87,0,CL,Medium
FR000539,C057,15199.95,3,1,15,5613.67,0,CL,Low
FR000540,C017,7094.21,6,0,11,3603.19,0,AR,High
FR000541,C038,15552.85,10,0,2,5302.74,1,NG,Medium
FR000542,C030,11590.72,1,0,14,4744.79,0,MX,Low
FR000543,C075,1171.88,9,0,16,615.27,0,CL,Low
FR000544,C075,6725.42,5,1,4,4799.67,1,MX,Medium
FR000545,C047,7332.31,9,1,1,3608.5,1,IR,High
FR000546,C067,1206.06,5,0,18,599.93,0,NG,Medium
FR000547,C080,604.11,3,0,12,345.45,0,AR,Medium
FR000548,C020,5670.44,8,0,14,4377.96,0,IR,Medium
FR000549,C067,12108.29,3,0,2,5236.79,1,US,Medium
FR000550,C063,2369.78,1,0,0,1227.0,0,AR,High
FR000551,C062,14853.68,10,0,9,4340.94,1,AR,Medium
FR000552,C049,488.48,7,0,2,901.87,1,MX,High
FR000553,C009,1276.46,1,0,20,1041.72,0,US,Low
FR000554,C040,5095.52,9,0,9,5394.96,0,PE,Low
FR000555,C020,12919.11,3,0,14,6748.15,0,CL,High
FR000556,C016,201.56,4,0,12,384.93,0,PE,Medium
FR000557,C064,10943.34,7,0,23,4063.27,1,RU,High
FR000558,C002,21056.18,9,0,19,6548.91,1,IR,Low
FR000559,C026,5065.83,1,0,10,3886.19,0,US,High
FR000560,C005,12343.82,2,0,20,2446.95,0,NG,High
FR000561,C013,1909.93,4,0,14,1647.76,0,US,High
FR000562,C009,4118.03,10,0,22,4609.0,0,CL,High
FR000563,C069,7236.64,7,0,21,4577.93,0,IR,Low
FR000564,C008,3674.66,3,0,9,4844.16,0,RU,High
FR000565,C067,18512.05,3,0,3,5560.57,1,PE,Low
FR000566,C033,2457.69,1,0,8,2518.6,0,AR,High
FR000567,C032,7131.99,1,0,10,3031.42,0,PE,High
FR000568,C059,15154.57,5,0,11,5392.54,0,AR,Low
FR000569,C078,16247.43,9,0,3,4953.64,1,CL,High
FR000570,C036,13159.54,2,0,19,4279.3,0,CO,High
FR000571,C025,951.94,9,1,20,852.87,1,CO,Low
FR000572,C067,1758.99,9,0,3,1105.44,1,CL,Low
FR000573,C027,5093.3,7,0,0,1739.85,1,PE,Low
FR000574,C075,6346.45,6,0,13,2543.68,0,RU,Medium
FR000575,C013,9777.18,7,0,4,5618.33,1,IR,Low
FR000576,C041,553.54,6,0,14,1044.72,0,CO,Low
FR000577,C062,6825.86,2,0,12,6874.16,0,CO,Medium
FR000578,C011,23547.08,3,0,1,6844.8,0,RU,Low
FR000579,C013,15336.41,7,0,21,4914.51,1,IR,High
FR000580,C028,16764.11,5,0,19,6445.54,0,RU,Medium
FR000581,C073,11859.51,9,0,19,4574.7,1,MX,High
FR000582,C056,432.52,4,0,2,287.68,0,CO,High
FR000583,C057,1563.91,3,0,17,2008.98,0,PE,High
FR000584,C079,5091.61,3,1,17,4159.75,0,RU,Low
FR000585,C033,7542.37,9,1,1,5895.84,1,NG,High
FR000586,C035,9605.71,2,0,18,5165.91,0,RU,High
FR000587,C023,14162.38,10,0,20,4668.68,1,US,High
FR000588,C062,7221.67,10,0,22,2662.33,0,IR,Medium
FR000589,C039,3003.66,4,0,11,3196.54,0,CL,High
FR000590,C032,6157.99,2,1,4,3349.48,1,US,Medium
FR000591,C072,9884.74,9,0,8,4102.6,1,IR,Medium
FR000592,C057,6948.16,7,0,4,3555.33,0,CO,Low
FR000593,C063,1915.64,9,1,6,3204.36,1,MX,Medium
FR000594,C066,1285.46,2,0,13,799.04,0,RU,Medium
FR000595,C021,4196.92,2,0,11,2143.72,0,AR,Low
FR000596,C056,7140.47,10,0,9,6226.73,0,CL,Low
FR000597,C057,10686.14,2,0,2,6096.87,1,US,High
FR000598,C069,5247.52,7,0,23,5840.77,0,AR,Low
FR000599,C014,8954.87,8,0,4,6068.43,1,PE,Low
FR000600,C040,12824.57,4,0,10,3800.73,0,IR,Medium
FR000601,C041,484.95,2,0,22,202.88,0,IR,Medium
FR000602,C014,3230.72,2,0,2,1371.21,0,CL,High
FR000603,C027,1964.54,10,0,15,3533.39,0,AR,Medium
FR000604,C021,4552.41,1,0,6,1739.65,0,PE,Medium
FR000605,C022,8163.39,9,0,12,4134.58,0,AR,High
FR000606,C021,2850.98,3,0,16,2242.16,0,US,High
FR000607,C061,1392.62,3,0,5,1811.22,0,NG,High
FR000608,C035,3418.04,3,1,10,1294.76,0,PE,Medium
FR000609,C061,6076.95,3,0,10,1827.8,0,CL,Medium
FR000610,C019,3400.09,4,0,18,1678.34,0,CL,Medium
FR000611,C046,8705.59,5,1,14,3885.25,0,US,Medium
FR000612,C040,5866.95,1,0,18,4735.43,0,NG,High
FR000613,C051,1480.16,5,0,14,614.84,0,NG,Low
FR000614,C052,11578.56,6,0,5,5480.7,0,MX,Medium
FR000615,C046,15895.1,8,1,14,6728.97,1,AR,Medium
FR000616,C036,9647.93,8,0,8,5881.23,1,MX,High
FR000617,C026,11344.91,9,0,5,5182.11,1,PE,High
FR000618,C033,6967.01,3,0,8,6151.61,0,CL,Medium
FR000619,C004,3942.9,6,0,22,3185.45,0,US,Medium
FR000620,C049,362.25,8,0,10,140.65,1,US,High
FR000621,C072,8208.23,8,1,0,4718.76,1,PE,Low
FR000622,C080,9668.46,9,1,20,4569.33,1,IR,Medium
FR000623,C036,9124.57,2,0,12,5797.44,0,CO,Low
FR000624,C032,12021.31,1,1,11,6555.65,1,AR,Medium
FR000625,C062,12835.68,6,0,19,4387.9,0,RU,Low
FR000626,C050,16601.91,6,1,15,6334.42,1,RU,Low
FR000627,C036,7921.48,7,1,8,3996.64,1,NG,Low
FR000628,C013,11306.27,10,0,2,4129.51,0,MX,High
FR000629,C044,3464.42,9,0,8,1367.21,0,CL,High
FR000630,C048,7324.25,9,0,21,3934.01,0,RU,Medium
FR000631,C015,10612.31,1,0,10,3044.86,0,RU,Low
FR000632,C010,16766.68,8,0,16,5320.38,1,US,High
FR000633,C053,1033.47,8,0,12,1386.42,1,AR,Low
FR000634,C076,21800.13,4,0,13,6705.7,0,CL,High
FR000635,C026,6402.75,2,0,3,224.27,0,IR,Low
FR000636,C057,949.77,6,0,7,781.65,0,PE,Medium
FR000637,C074,18678.3,6,0,7,6606.53,0,IR,High
FR000638,C034,22173.91,8,0,2,6822.44,0,IR,High
FR000639,C038,960.59,3,1,14,411.88,0,MX,Low
FR000640,C009,10151.88,1,0,9,5954.01,0,US,Medium
FR000641,C058,171.67,10,0,19,103.93,0,PE,Low
FR000642,C042,18702.2,10,1,20,6564.97,1,RU,Low
FR000643,C059,1436.36,2,1,22,500.78,0,US,Medium
FR000644,C026,7998.07,9,0,13,3385.35,0,CL,Medium
FR000645,C078,8369.85,1,1,9,4104.12,0,MX,Low
FR000646,C016,1507.93,10,0,4,1057.44,0,NG,Medium
FR000647,C051,868.16,10,0,4,429.5,0,RU,Low
FR000648,C068,18169.26,4,0,20,6362.25,0,MX,High
FR000649,C048,13120.5,8,0,10,5968.5,1,MX,High
FR000650,C056,11365.96,2,0,1,3486.64,1,MX,High
FR000651,C042,15854.36,4,0,23,5385.39,0,IR,Medium
FR000652,C037,1845.42,7,0,0,2558.84,1,US,High
FR000653,C009,197.93,4,0,11,336.02,0,CO,High
FR000654,C012,7349.75,5,0,10,5937.31,0,IR,Low
FR000655,C069,5310.99,5,0,0,5825.18,0,AR,High
FR000656,C012,5164.22,6,0,9,3209.74,0,RU,High
FR000657,C025,19360.26,9,0,19,6175.2,1,CO,High
FR000658,C056,7079.76,4,0,12,4869.65,0,CL,Medium
FR000659,C058,2839.52,1,0,18,1348.04,0,AR,High
FR000660,C043,18674.56,1,0,8,6113.77,0,CO,Low
FR000661,C074,12997.03,4,0,15,5543.25,0,US,Medium
FR000662,C068,4786.14,9,0,16,3265.94,0,NG,Low
FR000663,C052,9218.21,8,0,18,2824.59,1,CL,Low
FR000664,C080,3955.39,4,0,7,2789.42,0,NG,Low
FR000665,C002,726.72,6,0,2,966.28,0,PE,Medium
FR000666,C055,7752.08,10,1,16,4359.25,1,AR,Medium
FR000667,C029,1539.64,6,0,0,1281.57,0,US,High
FR000668,C059,8761.56,2,0,16,3604.15,0,PE,High
FR000669,C046,326.78,2,1,11,296.82,0,AR,Low
FR000670,C019,6348.78,5,0,21,5922.77,0,PE,Medium
FR000671,C024,7262.44,9,0,0,5397.43,0,CO,Low
FR000672,C069,6765.7,10,0,0,3319.87,1,MX,Low
FR000673,C070,6832.08,4,0,6,3336.83,0,US,Low
FR000674,C042,2352.69,8,0,2,2212.13,1,US,Low
FR000675,C027,5897.57,8,0,0,2641.66,1,PE,Medium
FR000676,C021,8266.08,6,0,13,2997.26,0,NG,Medium
FR000677,C030,2378.16,5,0,0,3986.01,0,PE,Medium
FR000678,C004,14215.92,6,0,19,6398.85,0,AR,Medium
FR000679,C016,1108.97,7,1,12,1342.72,1,NG,Low
FR000680,C057,2315.41,2,0,21,3883.76,0,PE,Medium
FR000681,C007,2408.08,3,0,12,2008.21,0,RU,Medium
FR000682,C052,3780.02,1,0,0,1227.63,0,PE,Low
FR000683,C049,2375.54,2,1,13,3363.41,0,CO,Low
FR000684,C023,7998.62,3,0,9,3042.44,0,IR,High
FR000685,C067,9432.96,5,0,16,5025.9,0,CO,Low
FR000686,C027,5266.99,8,1,12,4245.79,1,CO,Medium
FR000687,C078,1621.84,8,0,23,664.99,0,US,High
FR000688,C041,3036.14,5,0,5,2922.92,0,NG,Low
FR000689,C027,3853.33,7,0,5,4898.7,0,CO,High
FR000690,C047,9444.96,3,0,20,3778.03,0,RU,Medium
FR000691,C066,14994.82,4,0,13,6946.96,0,CO,Medium
FR000692,C003,2872.53,2,0,10,2888.37,0,MX,Medium
FR000693,C054,8936.56,1,1,22,4739.09,0,NG,Low
FR000694,C046,4667.97,4,0,0,1776.72,0,US,Medium
FR000695,C009,1495.89,8,0,2,605.36,1,NG,High
FR000696,C039,13634.1,5,0,5,5874.32,0,PE,High
FR000697,C011,13552.62,7,0,21,5352.22,1,NG,Medium
FR000698,C003,3980.35,1,0,17,1536.68,0,CL,High
FR000699,C042,7169.73,2,0,9,3124.59,0,MX,Low
FR000700,C032,13000.16,4,0,11,6364.03,1,AR,High
FR000701,C002,3288.52,1,0,6,4769.32,0,AR,High
FR000702,C020,2409.31,3,0,1,2927.29,0,AR,High
FR000703,C061,4964.94,4,0,17,2783.6,0,MX,Low
FR000704,C077,2459.09,6,0,12,4588.33,0,PE,High
FR000705,C038,1061.33,5,0,11,336.25,0,US,High
FR000706,C054,14358.38,8,0,3,4996.34,1,AR,Medium
FR000707,C023,12372.88,2,0,20,4883.32,0,AR,High
FR000708,C020,6861.47,6,0,22,2246.23,0,AR,Medium
FR000709,C015,6527.0,10,0,14,2695.13,0,AR,Low
FR000710,C064,4639.78,1,0,19,5319.82,0,PE,Medium
FR000711,C052,1973.74,4,0,1,988.76,0,US,Medium
FR000712,C080,14013.3,1,0,23,4198.58,0,US,Low
FR000713,C004,12565.34,5,0,1,3660.48,0,US,Low
FR000714,C061,12200.19,6,0,6,3789.0,0,MX,High
FR000715,C019,3850.23,4,0,12,3664.66,0,NG,Low
FR000716,C070,1366.71,8,1,6,393.18,1,NG,High
FR000717,C068,1231.8,9,0,6,1677.08,0,AR,Low
FR000718,C013,5993.45,4,0,5,4252.78,0,MX,Medium
FR000719,C029,2008.6,4,0,15,587.71,0,CO,Medium
FR000720,C009,14328.83,8,0,19,5152.45,0,CO,Medium
FR000721,C060,17365.18,7,0,2,5319.24,1,NG,High
FR000722,C057,5187.77,5,0,9,3191.61,0,AR,High
FR000723,C001,7184.78,3,0,6,1108.43,0,CL,Medium
FR000724,C061,22460.45,6,0,13,6583.79,0,CL,Low
FR000725,C042,6068.2,10,1,1,6947.53,1,IR,Medium
FR000726,C079,6462.29,5,0,23,2459.59,0,CO,Medium
FR000727,C064,6328.65,1,0,13,5157.58,0,PE,Low
FR000728,C029,2457.02,1,0,20,1060.75,0,IR,Low
FR000729,C019,3165.89,4,0,21,5895.37,0,PE,High
FR000730,C011,5053.77,7,0,18,6819.79,0,CO,High
FR000731,C052,9713.62,3,0,8,4852.1,0,CL,High
FR000732,C014,17263.76,10,0,13,5274.66,1,PE,Low
FR000733,C033,17268.32,6,0,8,5248.65,0,AR,High
FR000734,C039,1989.5,3,0,0,705.19,0,US,High
FR000735,C060,1334.08,5,0,5,1259.52,0,IR,High
FR000736,C074,4531.12,9,0,14,3982.63,0,CL,Low
FR000737,C042,10046.76,4,0,13,3101.89,0,NG,Medium
FR000738,C019,6622.84,2,0,12,899.03,0,MX,High
FR000739,C050,124.97,8,0,3,96.26,1,MX,Low
FR000740,C024,9027.8,1,1,16,5548.75,0,MX,Low
FR000741,C005,6404.65,8,0,10,4242.47,0,PE,Low
FR000742,C051,7629.69,6,0,11,4665.6,0,US,Low
FR000743,C074,8341.98,6,0,0,3214.73,0,RU,Medium
FR000744,C045,8146.82,3,1,3,6086.97,1,PE,High
FR000745,C074,14977.48,10,0,15,3618.95,1,NG,Medium
FR000746,C028,20854.45,6,1,11,6117.84,1,RU,High
FR000747,C034,8596.24,8,0,19,5563.9,0,IR,Medium
FR000748,C016,17133.96,8,0,22,6339.26,1,CL,High
FR000749,C066,3134.36,9,0,22,3547.32,0,US,Medium
FR000750,C024,2209.08,9,0,14,1201.33,0,CL,Medium
FR000751,C063,13090.78,4,0,5,5280.17,0,IR,Medium
FR000752,C013,17693.3,1,0,10,6321.46,0,US,High
FR000753,C034,805.65,8,0,21,887.99,0,CO,Medium
FR000754,C055,20126.06,2,0,10,6107.43,0,MX,High
FR000755,C017,13933.15,6,0,22,5208.49,0,CO,Low
FR000756,C059,2520.53,7,0,7,1835.88,0,CO,Low
FR000757,C071,14632.87,10,0,23,6595.79,1,CL,Low
FR000758,C045,11445.08,1,0,18,3763.15,0,CL,Medium
FR000759,C056,8418.87,6,0,4,3652.67,0,IR,Low
FR000760,C065,3457.02,9,0,10,1038.56,0,AR,Medium
FR000761,C066,2612.67,8,1,9,1046.72,1,PE,Low
FR000762,C029,3108.47,5,0,22,890.54,0,MX,Low
FR000763,C046,4577.1,4,0,22,6766.48,0,IR,High
FR000764,C020,3230.51,4,0,7,4911.84,0,IR,High
FR000765,C007,17074.68,8,0,9,6891.2,0,IR,Medium
FR000766,C070,19224.78,6,0,15,6932.49,0,PE,High
FR000767,C068,10541.62,5,0,6,4916.73,0,AR,Medium
FR000768,C021,15649.47,10,0,1,5953.17,1,CO,High
FR000769,C022,4346.51,8,0,4,1492.07,1,PE,High
FR000770,C020,9153.3,10,1,4,2654.59,1,IR,High
FR000771,C055,5638.03,6,0,5,6617.09,0,PE,Medium
FR000772,C007,6256.75,7,0,20,5066.18,0,NG,Medium
FR000773,C050,7447.59,5,0,5,4579.99,0,IR,Medium
FR000774,C061,6455.7,2,0,20,2693.24,1,RU,Medium
FR000775,C018,14516.46,2,1,15,4500.62,1,CL,Low
FR000776,C010,1570.07,8,0,23,689.04,0,CL,High
FR000777,C072,499.3,7,0,4,723.11,1,CL,Low
FR000778,C079,11477.26,1,0,17,5490.82,0,CO,Low
FR000779,C053,2469.0,9,0,20,894.9,0,AR,Low
FR000780,C062,2779.13,3,0,22,1284.16,0,AR,Low
FR000781,C051,2523.57,3,0,20,1153.64,0,AR,High
FR000782,C054,6865.13,2,0,11,6764.94,0,NG,High
FR000783,C025,8743.78,4,0,16,6335.2,0,PE,Medium
FR000784,C010,22262.28,8,0,16,6378.16,1,PE,Medium
FR000785,C018,3121.7,1,0,6,1017.42,0,NG,Low
FR000786,C075,5276.41,9,0,11,1963.45,0,AR,Low
FR000787,C057,2113.14,5,0,5,2818.41,0,AR,High
FR000788,C036,5779.74,3,0,2,4418.09,0,US,Low
FR000789,C016,13307.84,6,0,20,5748.94,0,IR,Medium
FR000790,C068,2299.79,7,0,19,1755.06,0,CO,High
FR000791,C077,2098.51,7,1,20,650.15,1,RU,Low
FR000792,C057,7999.91,5,1,12,6857.01,0,CL,Low
FR000793,C070,13898.79,2,0,23,6132.32,0,RU,Low
FR000794,C010,8997.56,6,0,9,3874.25,0,US,Medium
FR000795,C006,13627.12,7,0,23,4754.35,0,NG,Medium
FR000796,C015,12712.67,10,1,0,4816.01,1,RU,Medium
FR000797,C075,7223.17,5,1,23,4485.18,0,AR,High
FR000798,C063,4825.89,7,0,5,3089.55,0,CL,Low
FR000799,C067,18162.19,7,0,22,6173.27,0,CO,Low
FR000800,C078,3251.56,7,0,2,4453.7,1,US,Low
FR000801,C064,25039.79,2,0,17,6509.24,0,NG,Medium
FR000802,C008,6898.31,9,0,4,3373.2,0,CO,Medium
FR000803,C036,17463.79,7,1,6,6378.88,1,CL,High
FR000804,C066,19773.52,4,0,21,6657.55,0,US,Medium
FR000805,C033,17043.13,10,1,14,6753.59,1,US,Low
FR000806,C002,12121.67,2,0,4,3610.38,1,CO,High
FR000807,C063,3749.55,2,0,21,1770.86,0,PE,High
FR000808,C064,4112.02,5,0,8,1515.07,0,PE,High
FR000809,C056,11522.82,5,0,20,3623.24,0,CL,Low
FR000810,C063,6418.4,8,1,0,4320.25,1,IR,High
FR000811,C073,1455.07,3,0,0,736.32,0,NG,High
FR000812,C067,219.53,3,0,15,78.17,0,NG,Low
FR000813,C078,13180.04,6,0,13,6248.59,0,CO,High
FR000814,C013,2709.9,8,0,11,5237.22,0,CO,Low
FR000815,C031,1695.73,2,0,1,961.75,0,US,High
FR000816,C078,5892.74,4,0,21,6881.01,0,NG,Medium
FR000817,C006,11538.81,3,0,12,3527.95,0,US,High
FR000818,C057,7393.04,2,0,0,909.08,0,RU,High
FR000819,C067,12930.54,1,0,10,3024.77,0,MX,Medium
FR000820,C056,1682.11,5,0,13,1756.8,0,MX,Low
FR000821,C073,5195.22,2,0,22,1754.06,0,AR,Low
FR000822,C043,4572.5,2,0,16,4289.37,0,CO,Medium
FR000823,C053,3736.04,3,0,4,2826.94,0,MX,High
FR000824,C059,9935.82,1,0,2,6054.52,1,CL,Medium
FR000825,C045,815.1,4,0,15,457.61,0,US,Low
FR000826,C036,6191.81,6,0,11,4989.75,0,RU,Low
FR000827,C042,3080.49,1,1,23,2271.83,0,RU,High
FR000828,C034,3623.34,7,0,15,2564.16,1,AR,Low
FR000829,C072,6369.92,9,0,4,2338.55,1,IR,High
FR000830,C042,2468.19,6,0,8,1493.93,0,NG,Medium
FR000831,C023,21369.07,10,1,18,6779.26,1,RU,Low
FR000832,C043,6101.54,2,1,17,4344.5,0,US,High
FR000833,C069,1616.0,9,0,1,920.99,0,PE,Medium
FR000834,C040,8369.43,9,0,11,3155.92,0,CO,High
FR000835,C012,5546.93,7,0,16,5542.47,0,NG,Medium
FR000836,C080,1550.59,5,1,18,453.73,0,RU,High
FR000837,C024,6778.19,8,0,16,6801.62,0,NG,Low
FR000838,C034,752.03,7,0,8,1472.26,0,RU,Medium
FR000839,C044,8406.03,1,0,16,3204.42,0,RU,Medium
FR000840,C021,3930.18,4,0,8,3878.49,0,AR,Medium
FR000841,C003,8514.2,1,0,8,6492.92,0,CO,Low
FR000842,C075,1893.84,4,0,6,3756.13,0,CL,High
FR000843,C072,7999.99,6,0,22,6191.39,0,CL,High
FR000844,C069,2333.62,5,0,1,4392.91,0,AR,Medium
FR000845,C080,12974.05,5,0,0,3775.6,1,CO,Low
FR000846,C012,14643.57,7,0,8,6094.08,1,CO,High
FR000847,C077,15613.93,5,0,20,5659.9,0,NG,Medium
FR000848,C019,713.45,7,0,15,683.03,0,US,High
FR000849,C046,1733.05,4,0,23,1287.43,0,NG,Low
FR000850,C050,368.17,7,0,6,514.1,0,CO,High
FR000851,C038,8715.35,7,1,16,986.92,1,CO,Medium
FR000852,C029,5867.57,2,0,20,6544.7,0,RU,Low
FR000853,C032,5491.18,10,1,0,6704.6,1,IR,Low
FR000854,C036,18414.85,4,1,18,6249.96,1,MX,Medium
FR000855,C029,2152.47,9,0,20,3818.98,0,PE,Low
FR000856,C029,9296.67,2,0,13,1018.59,0,RU,High
FR000857,C028,5032.99,3,0,9,1604.41,0,AR,Low
FR000858,C038,5373.92,2,0,3,1594.92,0,PE,Low
FR000859,C079,14510.95,6,1,2,6272.24,1,RU,Medium
FR000860,C054,11442.84,7,0,21,4819.51,0,IR,High
FR000861,C073,14962.54,8,0,8,5680.71,1,PE,Medium
FR000862,C024,3781.91,3,0,4,2262.18,0,IR,High
FR000863,C052,13709.5,8,0,3,4057.56,1,NG,High
FR000864,C034,3995.84,3,0,11,2255.63,0,US,Medium
FR000865,C056,10645.56,6,1,20,6453.59,1,US,Medium
FR000866,C031,1620.76,9,0,12,612.82,0,US,High
FR000867,C046,2831.32,4,0,7,2551.11,0,CO,High
FR000868,C018,689.27,8,0,3,445.25,0,US,High
FR000869,C032,22035.85,5,0,17,6803.58,0,IR,High
FR000870,C017,17592.38,1,0,3,6735.5,1,CO,High
FR000871,C061,3353.63,6,1,3,4649.35,0,IR,Medium
FR000872,C014,1252.01,6,1,7,567.15,0,PE,High
FR000873,C045,13612.61,3,0,4,5244.31,1,IR,Low
FR000874,C060,1087.97,1,0,4,448.21,0,CL,High
FR000875,C007,14916.88,3,1,13,4768.93,1,RU,High
FR000876,C057,2894.69,9,0,7,2982.98,0,RU,High
FR000877,C056,5025.64,3,0,12,4344.74,0,CO,Low
FR000878,C003,10901.07,9,0,2,5721.42,1,IR,Medium
FR000879,C072,4919.12,3,1,11,4537.13,0,MX,Medium
FR000880,C062,303.66,10,0,10,225.5,0,AR,Low
FR000881,C046,1479.36,10,1,9,1338.57,1,CO,High
FR000882,C036,13476.24,10,0,18,6905.86,1,CL,High
FR000883,C004,5075.79,6,0,12,3516.51,0,RU,Medium
FR000884,C018,7461.24,3,0,3,2339.29,0,NG,Low
FR000885,C058,10420.11,3,1,12,3354.36,1,CL,High
FR000886,C039,7970.08,2,0,2,6671.14,0,US,Low
FR000887,C073,13942.02,3,0,5,6954.11,0,IR,Medium
FR000888,C019,2813.87,9,0,10,3148.94,0,IR,High
FR000889,C076,9022.91,7,1,22,5426.0,1,US,Low
FR000890,C079,386.24,3,0,15,708.92,0,MX,High
FR000891,C046,7319.65,2,0,14,2216.62,0,CO,Low
FR000892,C079,3601.24,6,0,2,1278.93,0,CO,High
FR000893,C053,4203.66,5,0,14,4562.54,0,AR,High
FR000894,C025,8674.2,1,0,9,2824.55,0,PE,High
FR000895,C023,10805.51,6,0,19,6665.75,0,AR,Low
FR000896,C064,1123.9,5,0,21,327.45,0,CO,Medium
FR000897,C012,2003.72,9,1,3,2055.9,1,CO,Medium
FR000898,C074,7955.18,8,0,11,3277.17,0,NG,Medium
FR000899,C049,20992.53,2,0,3,6424.7,1,RU,Low
FR000900,C044,8914.15,6,0,19,3419.48,0,AR,Low
FR000901,C040,1190.85,1,0,15,1044.23,0,US,Low
FR000902,C056,19010.42,7,1,11,5533.23,0,CL,Medium
FR000903,C012,1163.42,7,0,20,1257.46,0,AR,Medium
FR000904,C052,4839.76,8,0,16,1522.31,0,PE,Low
FR000905,C045,1821.48,7,0,9,1176.8,0,CO,Medium
FR000906,C058,6452.46,3,0,13,2502.21,1,CO,High
FR000907,C033,11009.23,10,0,23,4685.7,0,MX,High
FR000908,C008,13066.57,6,1,14,6538.72,1,IR,Low
FR000909,C048,23036.81,5,0,0,6918.02,1,CO,Low
FR000910,C001,5556.77,10,1,6,5227.58,1,IR,Low
FR000911,C001,21174.29,4,0,6,6803.06,0,US,Medium
FR000912,C040,10953.1,1,0,9,3529.53,0,MX,High
FR000913,C073,5286.4,8,0,11,2484.91,0,US,Low
FR000914,C023,3108.37,2,0,14,3015.83,0,PE,High
FR000915,C080,8752.83,7,0,21,4829.2,0,RU,Low
FR000916,C069,359.66,2,0,3,654.78,0,PE,Medium
FR000917,C013,8936.17,10,0,3,4445.67,1,AR,High
FR000918,C048,3268.21,4,0,14,3874.57,0,AR,Medium
FR000919,C023,8611.8,6,0,14,2908.16,0,IR,Low
FR000920,C057,4648.1,1,0,7,3567.7,0,MX,High
FR000921,C005,16992.64,7,0,0,6304.31,1,IR,Low
FR000922,C040,2267.96,9,0,19,2242.77,0,CL,Low
FR000923,C045,7266.45,9,0,6,4325.39,0,AR,High
FR000924,C067,7385.07,7,1,20,2751.17,1,AR,Low
FR000925,C064,8487.09,4,1,4,3544.67,1,PE,High
FR000926,C020,7381.66,5,0,5,6642.44,0,US,Medium
FR000927,C071,16184.32,10,0,19,4961.8,1,NG,Medium
FR000928,C015,6976.9,3,0,20,4431.57,0,IR,Low
FR000929,C044,14876.39,5,0,7,5092.4,0,PE,Medium
FR000930,C019,10634.53,1,0,4,4403.24,1,PE,Medium
FR000931,C025,6363.71,10,1,4,1998.77,1,NG,Low
FR000932,C046,9706.05,4,0,15,5574.23,0,MX,Medium
FR000933,C076,14959.2,4,0,12,6231.3,0,CO,High
FR000934,C012,11077.46,5,1,5,4627.87,1,US,High
FR000935,C073,2169.34,6,0,19,4211.95,0,IR,High
FR000936,C051,7734.49,2,0,0,3765.6,0,IR,High
FR000937,C026,215.74,6,1,6,235.6,0,CL,Medium
FR000938,C018,1100.78,3,0,15,1418.69,0,RU,Low
FR000939,C038,10248.67,8,0,15,3069.35,1,NG,Medium
FR000940,C056,11471.81,5,0,3,4098.03,1,NG,Low
FR000941,C063,8178.35,8,0,14,2983.45,0,MX,Medium
FR000942,C014,6459.92,10,0,6,3982.98,0,US,High
FR000943,C062,3102.33,3,0,16,1793.85,0,NG,Medium
FR000944,C064,2426.91,9,0,0,829.11,1,CL,High
FR000945,C008,7502.44,4,0,11,1040.93,0,IR,Low
FR000946,C025,17812.03,6,0,18,5572.82,0,CO,Medium
FR000947,C076,997.07,10,0,6,747.35,0,IR,Low
FR000948,C041,8221.65,2,0,20,2969.6,0,MX,High
FR000949,C004,12167.16,4,1,15,3505.6,1,MX,Medium
FR000950,C050,5484.95,6,0,7,4047.6,0,PE,Medium
FR000951,C069,3208.33,1,0,9,943.47,0,MX,High
FR000952,C056,273.89,9,1,20,143.42,1,IR,High
FR000953,C023,1654.71,6,0,12,585.98,0,IR,Medium
FR000954,C006,8405.33,5,0,14,3468.56,0,PE,Low
FR000955,C059,193.03,10,1,7,363.4,1,AR,Low
FR000956,C041,4368.92,7,0,2,1362.38,0,CO,High
FR000957,C027,2680.83,1,0,1,802.3,0,RU,Low
FR000958,C074,1932.34,10,0,12,1911.29,0,MX,Low
FR000959,C049,16698.46,3,0,4,5278.65,1,PE,High
FR000960,C015,10078.94,2,0,7,4057.86,0,CL,Low
FR000961,C031,14146.49,8,0,8,5370.43,1,US,Low
FR000962,C050,10631.62,4,0,2,6803.2,1,PE,Medium
FR000963,C052,3371.85,4,0,10,1484.37,0,MX,Low
FR000964,C019,2221.67,5,0,20,1103.37,0,PE,High
FR000965,C034,12403.5,6,0,14,6078.98,0,NG,High
FR000966,C074,6750.12,5,0,21,2170.81,0,CL,Low
FR000967,C035,274.14,2,0,7,145.62,0,NG,High
FR000968,C002,1838.45,9,0,8,854.73,0,NG,Medium
FR000969,C049,4297.69,7,0,16,2356.16,0,CL,Low
FR000970,C063,1476.14,7,0,13,1381.7,0,CL,High
FR000971,C002,513.86,10,0,13,791.02,0,NG,Low
FR000972,C058,4913.08,2,1,1,4039.36,1,AR,High
FR000973,C029,4644.43,7,0,3,1562.62,1,CO,High
FR000974,C015,12751.21,4,0,9,4949.8,0,CO,Low
FR000975,C063,15312.01,10,0,9,5972.37,1,CO,Low
FR000976,C069,16829.24,6,0,4,6736.83,1,US,Low
FR000977,C033,14214.71,2,0,0,4170.22,1,NG,Medium
FR000978,C069,13828.9,2,1,0,3983.85,1,CL,Medium
FR000979,C073,5831.75,3,0,3,2153.08,0,CL,Low
FR000980,C016,3371.91,9,0,15,1797.15,0,NG,Low
FR000981,C012,19248.56,6,0,21,6002.98,0,IR,Medium
FR000982,C026,1836.32,9,0,0,1060.87,0,AR,High
FR000983,C005,8745.34,1,0,23,4879.77,0,RU,Medium
FR000984,C014,15582.88,7,0,8,6143.69,1,CO,Low
FR000985,C005,3676.39,9,0,21,2461.45,0,NG,Low
FR000986,C011,10602.41,5,0,1,4069.23,1,CO,Low
FR000987,C056,6953.87,10,0,11,2040.21,0,US,Medium
FR000988,C019,16048.82,8,0,16,6767.7,1,RU,High
FR000989,C006,4597.84,5,1,1,1544.76,0,IR,Low
FR000990,C027,345.01,6,0,0,377.82,0,US,Low
FR000991,C073,841.85,9,0,17,1110.61,0,MX,Low
FR000992,C044,1226.75,4,0,2,2056.89,0,CL,Low
FR000993,C045,20393.12,7,0,3,6254.44,1,RU,Low
FR000994,C008,5264.93,6,0,4,4792.75,0,NG,Medium
FR000995,C020,9491.32,5,0,9,3979.66,0,CL,High
FR000996,C009,4477.79,7,1,16,3110.05,1,PE,Low
FR000997,C025,16506.74,7,0,13,3245.15,1,US,High
FR000998,C057,12354.07,3,0,9,5512.83,0,MX,Medium
FR000999,C009,8884.37,10,0,1,5294.69,1,PE,High
FR001000,C068,812.62,9,0,1,620.07,1,CL,High
